scenario_name,approved_activations,profitable_activations,total_profit,avg_unit_margin,avg_landed_cost,avg_expected_units
base,3,3,2267.7599999999998,62.04999999999999,166.83333333333334,13.0
stress_fx,3,3,2211.73,60.46666666666667,168.41666666666666,13.0
stress_shipping,3,3,2026.86,55.449999999999996,173.4333333333333,13.0
stress_demand,3,3,1814.21,62.04999999999999,166.83333333333334,10.4
combined_worst,3,3,1478.12,53.86666666666667,175.01666666666665,9.75
